{
  "android_play_store_link": "",
  "ios_app_store_link": "",
  "sticker_packs": [
    {
      "identifier": "1",
      "name": "Efootball",
      "publisher": "Football Lokam",
      "tray_image_file": "efootball.png",
      "image_data_version": "1",
      "avoid_cache": false,
      "publisher_email": "",
      "publisher_website": "telegram.me/FootballLokam",
      "privacy_policy_website": "",
      "license_agreement_website": "",
      "stickers": [
        {
          "image_file": "efootball03.webp",
          "emojis": [
            "☕",
            "🙂"
          ]
        },
        {
          "image_file": "efootball04.webp",
          "emojis": [
            "😄",
            "😀"
          ]
        },
        {
          "image_file": "efootball05.webp",
          "emojis": [
            "😆",
            "😂"
          ]
        },
        {
          "image_file": "efootball06.webp",
          "emojis": [
            "😩",
            "😰"
          ]
        },
        {
          "image_file": "efootball07.webp",
          "emojis": [
            "😭",
            "💧"
          ]
        },
        {
          "image_file": "efootball08.webp",
          "emojis": [
            "😍",
            "♥"
          ]
        },
        {
          "image_file": "efootball09.webp",
          "emojis": [
            "💔",
            "👎"
          ]
        },
        {
          "image_file": "efootball10.webp",
          "emojis": [
            "😍",
            "💑"
          ]
        },
        
    {
      "identifier": "2",
      "name": "Together While Apart",
      "publisher": "World Health Organization",
      "tray_image_file": "01.png",
      "image_data_version": "1",
      "avoid_cache": false,
      "publisher_email": "",
      "publisher_website": "",
      "privacy_policy_website": "",
      "license_agreement_website": "",
      "animated_sticker_pack": true,
      "stickers": [
        {
          "image_file": "01_SendingLove.webp",
          "emojis": [
            "🥰",
            "😘",
            "❤️"
          ]
        },
        {
          "image_file": "02_WellDoThisTogether.webp",
          "emojis": [
            "✊",
            "💪",
            "🙏"
          ]
        },
        {
          "image_file": "03_Heart.webp",
          "emojis": [
            "❤️",
            "🥰",
            "💕"
          ]
        },
        {
          "image_file": "04_AirHighFive.webp",
          "emojis": [
            "🖐",
            "🙌",
            "✋"
          ]
        },
        {
          "image_file": "05_GroupVideoCalling.webp",
          "emojis": [
            "📱",
            "👯",
            "👋"
          ]
        },
        {
          "image_file": "06_StayConnected.webp",
          "emojis": [
            "📱",
            "🙋‍♀",
            "🙋‍♂"
          ]
        },
        {
          "image_file": "07_OK.webp",
          "emojis": [
            "👍",
            "👌",
            "🙂"
          ]
        },
        {
          "image_file": "08_AreYouOK.webp",
          "emojis": [
            "👋",
            "❓",
            "📱"
          ]
        },
        {
          "image_file": "09_StayingHomeMug.webp",
          "emojis": [
            "☕",
            "🍵",
            "🏠"
          ]
        },
        {
          "image_file": "10_WorkingFromBed.webp",
          "emojis": [
            "👩‍💻",
            "👨‍💻",
            "🛏"
          ]
        },
        {
          "image_file": "11_StayCalm.webp",
          "emojis": [
            "🧘♀",
            "🧘♂",
            "🤙"
          ]
        },
        {
          "image_file": "12_Gymnastics.webp",
          "emojis": [
            "🤸",
            "🐩",
            "💪"
          ]
        },
        {
          "image_file": "13_DoubleChecking.webp",
          "emojis": [
            "📰",
            "🔎",
            "🔍"
          ]
        },
        {
          "image_file": "14_CatOnTheLaptop.webp",
          "emojis": [
            "🐈",
            "🐱",
            "💻"
          ]
        },
        {
          "image_file": "15_WorkingFromHomeF.webp",
          "emojis": [
            "👩‍💻",
            "🏠",
            "💻"
          ]
        },
        {
          "image_file": "16_WorkingFromHomeM.webp",
          "emojis": [
            "👨‍💻",
            "🏠",
            "💻"
          ]
        },
        {
          "image_file": "17_WashingHands.webp",
          "emojis": [
            "✋",
            "💦",
            "🧼"
          ]
        },
        {
          "image_file": "18_DontTouchYourFace.webp",
          "emojis": [
            "😷",
            "🤒",
            "🤧"
          ]
        },
        {
          "image_file": "19_SocialDistancing.webp",
          "emojis": [
            "😷",
            "🤒",
            "🏠"
          ]
        },
        {
          "image_file": "20_SuperheroNurse.webp",
          "emojis": [
            "👩‍⚕",
            "👨‍⚕️",
            "🩺"
          ]
        },
        {
          "image_file": "21_YouAreMyHero.webp",
          "emojis": [
            "🙏",
            "🦸‍♀️",
            "🦸"
          ]
        }
      ]
    }
  ]
}
